Keyword,KD %,Volume
shoulder blade,38,22200
shoulder blade pain,40,14800
shoulder blade tenderness,26,12100
pain between shoulder blades,24,9900
causes of shoulder pain in female,40,6600
left shoulder blade pain,23,6600
right shoulder blade pain,33,6600
shoulder pain treatment,23,6600
sore back and shoulders,40,6600
left scapula pain,27,5400
pain in shoulder blade,25,5400
why does my shoulder hurt,32,5400
aching pain under right shoulder blade,24,4400
clavicle ache,30,4400
front of shoulder pain,40,4400
pain below shoulder blade right,24,4400
pain in left shoulder blade,22,4400
pain under right shoulder blade,12,4400
pain under shoulder blade,28,4400
pinched nerve in shoulder blade,12,4400
scapula pain,31,4400
shoulder blade pain -ai,29,4400
back shoulder pain,24,3600
cure for shoulder blade pain,39,3600
pain behind shoulder blade,35,3600
pain behind shoulder blade right,28,3600
pain between scapula,27,3600
pain under left shoulder blade,21,3600
shoulder blade stretches,37,2900
shoulder muscle pain,40,2900
shoulder pain when lifting arm,16,2900
shoulder pain when raising arm,19,2900
ache below shoulder blades,19,2400
back ache shoulder blade,38,2400
pain the shoulder blade,33,2400
pulled shoulder muscle,39,2400
shoulder blade discomfort,23,2400
shoulder blade pain right side,24,2400
shoulder strain,32,2400
sore back by shoulder blade,33,2400
sore under shoulder blade,20,2400
stabbing pain under right shoulder blade,7,2400
ache behind left shoulder blade,22,1900
ache in the shoulder,40,1900
how to release a pinched nerve in shoulder blade,14,1900
pain at right shoulder,36,1900
pain below shoulder blade,15,1900
pain in between shoulder blades,24,1900
pain in front of shoulder,28,1900
pain underneath shoulder blade left,23,1900
pressure pain like an air bubble in left shoulder,29,1900
pulled a muscle shoulder,24,1900
right shoulder blade pain female,24,1900
right shoulder pain without injury,34,1900
shoulder blade ache,36,1900
shoulder hurts when raising arm,26,1900
shoulder blade winging,16,1600
shoulder pain after sleeping,16,1600
shoulders are sore after sleeping,5,1600
stabbing pain under left shoulder blade,22,1600
inside right shoulder blade pain,35,1300
pain below left shoulder blade back,29,1300
pain in shoulder when lifting arm,21,1300
pain under scapula right back,28,1300
pinched nerve shoulder blade,4,1300
pulled muscle in shoulder,18,1300
right shoulder ache,33,1300
right shoulder blade pain in women,25,1300
scapula exercises,22,1300
scapular pain,25,1300
shoulder blade muscle pain,25,1300
sore collarbone and shoulder,28,1300
sore right shoulder and neck,31,1300
stretches for shoulder blade pain,35,1300
torn muscle in shoulder blade,23,1300
why do my shoulders hurt,25,1300
back neck shoulder joint pain,30,1000
both shoulders hurt,40,1000
exercises for scapular,20,1000